Phrase,IPA,ES Pronunciation,ES Translation
You are here.,/juː ɑː hɪə/,yu ar jia.,Ustedes están aquí.
I like apples.,/aɪ laɪk ˈæpəlz/,ai laik apols.,Me gustan las manzanas.
I am very hungry.,/aɪ æm ˈvɛri ˈhʌŋgri/,ai am beri jangri,Tengo mucha hambre.
The rest is here.,/ðə rɛst ɪz hɪə/,de rest is jier,El resto está aquí.
You are welcome here.,/juː ɑː ˈwɛlkəm hɪə/,yu ar welkom jir.,Eres bienvenido aquí.
I am very thirsty today.,/aɪ ɛm ˈvɛri ˈθɜːrsti ˈtədeɪ/,ai em veri zirsti tudei.,Tengo mucha sed hoy.
I see one dog.,/aɪ siː wʌn dɒg/,ai si uan dog.,Veo un perro.
He has eleven books.,/hiː hæz ɪˈlɛvən bʊks/,ji jav ileven buks.,Él tiene once libros.
She has seventeen cats.,/ʃiː hæz ˌsɛvənˈtiːn kæts/,shi jav seventin cats.,Ella tiene diecisiete gatos.
He has sixty students.,/hiː hæz ˈsɪksti ˈstjuːdənts/,ji jav sikti students.,Él tiene sesenta estudiantes.
She has lunch.,/ʃiː hæz lʌntʃ/,shi jas lanch.,Ella almuerza.
I see the big sun.,/aɪ siː ðə bɪg sʌn/,ai si de big san.,Veo el gran sol.
I like this blue.,/aɪ laɪk ðɪs bluː/,ai laik dis blu.,Me gusta este azul.
I have a car.,/aɪ hæv ə kɑː/,ai jav a car.,Tengo un coche.
I like this song.,/aɪ laɪk ðɪs sɒŋ/,ai laik dis song.,Me gusta esta canción.
I like this color.,/aɪ laɪk ðɪs ˈkʌlər/,ai laik dis color.,Me gusta este color.
I love you very much.,/aɪ lʌv juː vɛri mʌtʃ/,ai lav yu beri mach.,Te quiero mucho.
I do my work.,/aɪ duː maɪ wɜːk/,ai du mai uork.,Hago mi trabajo.
I go home.,/aɪ ɡəʊ həʊm/,ai go jom.,Voy a casa.
I like to swim in the pool.,/aɪ laɪk tuː swɪm ɪn ðə puːl/,ai laik tu suim in de pul.,Me gusta nadar en la piscina.
He is here for good.,/hiː ɪz hɪər fər gʊd/,ji is jir for gud,Él está aquí para siempre.
I see nothing here.,/aɪ siː ˈnʌθɪŋ hɪə/,ai si nazing jier.,No veo nada aquí.
I like Friday.,/aɪ laɪk ˈfraɪdeɪ/,ai laik fraidei.,Me gusta el viernes.
I am very happy today.,/aɪ æm ˈvɛri ˈhæpi təˈdeɪ/,ai am veri japi tudei,Hoy estoy muy feliz.
I know that you are here.,/aɪ noʊ ðæt juː ɑːr hɪər/,ai nou dat yu ar jir,Sé que estás aquí.
She is here too.,/ʃiː ɪz hɪə tuː/,shi is jier tu.,Ella también está aquí.
It is exactly here.,/ɪt ɪz ɪɡˈzæktli hɪə/,it is exaktli jier.,Está justo aquí.
The weekend is here.,/ðə ˈwiːkɛnd ɪz hɪə/,de uikend is jia.,El fin de semana ha llegado.
It is a good day.,/ɪt ɪz ə gʊd deɪ/,it is a gud dei.,Es un buen día.
We go there today.,/wiː gəʊ ðeə təˈdeɪ/,ui gou der tudei.,Vamos allí hoy.
The car is very fast.,/ðə kɑːr ɪz ˈvɛri fæst/,de car is very fast.,El coche es muy rápido.
It is a big box.,/ɪt ɪz ə bɪɡ bɑːks/,it is a big boks.,Es una caja grande.
It is very early.,/ɪt ɪz ˈvɛːri ˈɜːrli/,it is veri erli.,Es muy temprano.
He is very rich.,/hiː ɪz ˈvɛːri rɪtʃ/,ji is veri rich.,Él es muy rico.
I like April.,/aɪ laɪk ˈeɪprəl/,ai laik eipril.,Me gusta abril.
She is very healthy.,/ʃiː ɪz ˈvɛːri ˈhɛlθi/,shi is veri jelzi.,Ella está muy sana.
I have good memories.,/aɪ hæv ɡʊd ˈmɛməriz/,ai jav gud memoris.,Tengo buenos recuerdos.
He runs very quickly.,/hiː rʌnz ˈvɛːri ˈkwɪkli/,ji rans veri kuikli.,Él corre muy rápido.
He looks very sad.,/hiː lʊks ˈvɛri sæd/,ji loks very sad.,Él se ve muy triste.
He is a good boy.,/hiː ɪz ə gʊd bɔɪ/,ji is a gued boi.,Él es un buen chico.
He has a ball.,/hiː hæz ə bɔːl/,ji jas a bol.,Él tiene una pelota.
It is good.,/ɪt ɪz ɡʊd/,it is gud.,Está bien.
This car is very old.,/ðɪs kɑːr ɪz ˈvɛri oʊld/,dis car is veri old,Este coche es muy viejo.
She has a new bag.,/ʃiː hæz ə nuː bæɡ/,shi jas a nu bag,Ella tiene un bolso nuevo.
I like the bottle.,/aɪ laɪk ðə ˈbɒtl/,ai laik de botl.,Me gusta el frasco.
I like rubber.,/aɪ laɪk ˈrʌbə/,ai laik ráber.,Me gusta el caucho.
This vessel is big.,/ðɪs ˈvɛsl ɪz bɪɡ/,dis vesl is big.,Este recipiente es grande.
The diameter is big.,/ðə daɪˈæmɪtər ɪz bɪg/,de diameter is big.,El diámetro es grande.
The length is big.,/ðə lɛŋθ ɪz bɪɡ/,de lengz iz big.,La longitud es grande.
The quantity is big.,/ðə ˈkwɒntɪti ɪz bɪɡ/,de cuantiti is big.,La cantidad es grande.
He has a big head.,/hiː hæz ə bɪɡ hɛd/,ji jaz a big jed.,Él tiene una cabeza grande.
He has big biceps.,/hiː hæz bɪɡ ˈbaɪsɛps/,ji jaz big baiseps.,Él tiene bíceps grandes.
He has a big mustache.,/hiː hæz ə bɪɡ məstæʃ/,ji jas a big mustash.,Él tiene un bigote grande.
She has a braid.,/ʃiː hæz ə breɪd/,shi jas a breid.,Ella tiene una trenza.
She has long eyelashes.,/ʃiː hæz lɒŋ ˈaɪlæʃɪz/,shi jaz long aileshis.,Ella tiene pestañas largas.
He has long sideburns.,/hiː hæz lɒŋ saɪdbɜːrnz/,ji jas long saidburns.,Él tiene patillas largas.
She has long bangs.,/ʃiː hæz lɒŋ bæŋz/,shi jas long bans.,Ella tiene flequillo largo.
She has a red cheek.,/ʃiː hæz ə rɛd tʃiːk/,shi jas a red chik.,Ella tiene una mejilla roja.
I have a birthmark here.,/aɪ hæv ə ˈbɜːrθmɑːrk hɪər/,ai jav a berzmark jir,Tengo una marca de nacimiento aquí.
I like his hairstyle.,/aɪ laɪk hɪz hɛrstaɪl/,ai laik jis jerstail.,Me gusta su peinado.
She has a necklace.,/ʃiː hæz ə ˈnɛklɪs/,shi jas a neklis.,Ella tiene un collar.
She has a purse.,/ʃiː hæz ə pɜːs/,shi jas a purs.,Ella tiene un monedero.
I like this game.,/aɪ laɪk ðɪs ɡeɪm/,ai laik dis geim.,Me gusta este juego.
I like fashion.,/aɪ laɪk ˈfæʃən/,ai laik fashon.,Me gusta la moda.
I like a pedicure.,/aɪ laɪk ə ˈpɛdɪkjʊə/,ai laik a pedicur.,Me gusta la pedicura.
I like this perfume.,/aɪ laɪk ðɪs pəˈfjuːm/,ai laik dis perfium.,Me gusta este perfume.
She has a blue scarf.,/ʃiː hæz ə bluː skɑːf/,shi jas a blu scarf.,Ella tiene una bufanda azul.
The shoestring is very long.,/ðə ˈʃuːstrɪŋ ɪz ˈvɛri lɒŋ/,de shustring is veri long.,El cordón del zapato es muy largo.
I like day time.,/aɪ laɪk deɪ taɪm/,ai laik dei taim.,Me gusta el día.
The ruby is very red.,/ðə ˈruːbi ɪz ˈvɛri rɛd/,de ruby is beri red.,El rubí es muy rojo.
This oyster is very big.,/ðɪs ɔɪstər ɪz ˈvɛri bɪɡ/,dis oister is veri big.,Esta ostra es muy grande.
She has a pomegranate.,/ʃiː hæz ə ˈpɒmˌɡrænɪt/,shi jaz a pomgranit.,Ella tiene una granada.
I like coffee.,/aɪ laɪk ˈkɒfi/,ai laik coffee.,Me gusta el café.
We have a big melon.,/wiː hæv ə bɪɡ ˈmɛlən/,ui jav a big melon.,Tenemos un melón grande.
I like eggs.,/aɪ laɪk ɛɡz/,ai laik eggs.,Me gustan los huevos.
I like the redcurrant.,/aɪ laɪk ðə ˈrɛdˌkʌrənt/,ai laik de redkurent.,Me gusta el grosella roja.
I like beer.,/aɪ laɪk bɪə/,ai laik bia.,Me gusta la cerveza.
I like greens.,/aɪ laɪk ɡriːnz/,ai laik grins.,Me gustan las verduras de hoja.
I like potatoes.,/aɪ laɪk pəˈteɪtəʊz/,ai laik poteitos.,Me gustan las patatas.
I like the pie.,/aɪ laɪk ðə paɪ/,ai laik de pai.,Me gusta el pastel.
He has a big appetite.,/hiː hæz ə bɪg ˈæpɪtaɪt/,ji jas a big apetait,Él tiene mucho apetito.
He has strength.,/hiː hæz strɛŋθ/,ji jas strenz.,Él tiene fuerza.
He is very tall.,/hiː ɪz ˈvɛri tɔːl/,ji is beri tol.,Él es muy alto.
She is very beautiful.,/ʃiː ɪz ˈvɛri ˈbjuːtɪfʊl/,shi is beri biutiful.,Ella es muy hermosa.
I like this appetizer.,/aɪ laɪk ðɪs ˈæpɪtaɪzə/,ai laik dis appetaiser.,Me gusta este aperitivo.
The woman is here.,/ðə ˈwʊmən ɪz hɪə/,de uuman is jier.,La mujer está aquí.
My mother is here.,/maɪ ˈmʌðər ɪz hɪər/,mai mader is jier.,Mi madre está aquí.
The chief is here.,/ðə tʃiːf ɪz hɪə/,de chif is jier.,El jefe está aquí.
The waiter is here.,/ðə ˈweɪtər ɪz hɪər/,de uei-ter is jier.,El camarero está aquí.
It has five cloves.,/ɪt hæz faɪv kləʊvz/,it jas faiv klovs.,Tiene cinco clavos.
He has a good character.,/hiː hæz ə ɡʊd ˈkærəktər/,ji jas a gud karacter.,Él tiene un buen carácter.
She has hope.,/ʃiː hæz həʊp/,shi jas joup.,Ella tiene esperanza.
He has humor.,/hiː hæz ˈhjuːmə/,ji jaz jiumer.,Él tiene humor.
He has depression.,/hiː hæz dɪˈprɛʃən/,ji jas depreshon.,Él tiene depresión.
I am very happy.,/aɪ æm ˈvɛri ˈhæpi/,ai am veri japi.,Estoy muy feliz.
He has bad luck.,/hiː hæz bæd lʌk/,ji jas bad lak.,Él tiene mala suerte.
I like to sleep.,/aɪ laɪk tuː sliːp/,ai laik tu slip.,Me gusta dormir.
My family is big.,/maɪ ˈfæməli ɪz bɪg/,mai famiri is big.,Mi familia es grande.
The bed is big.,/ðə bɛd ɪz bɪg/,de bed is big.,La cama es grande.
They like to kiss.,/ðeɪ laɪk tuː kɪs/,de laik tu kis.,A ellos les gusta besarse.
She has an idea.,/ʃiː hæz æn aɪˈdɪə/,shi jaz an aidea.,Ella tiene una idea.
Her praise is very good.,/hɜː preɪz ɪz ˈvɛri ɡʊd/,jer preiz is jeri gud.,Su elogio es muy bueno.
I see! It is your dog.,/aɪ siː! ɪt ɪz jʊə dɒɡ/,ai si! it is yur dog.,¡Entiendo! Es tu perro.
I like his praise.,/aɪ laɪk hɪz preɪz/,ai laik jis praise.,Me gusta su elogio.
I like the silence.,/aɪ laɪk ðə ˈsaɪləns/,ai laik de sailens.,Me gusta el silencio.
It is a big demand.,/ɪt ɪz ə bɪɡ dɪˈmɑːnd/,it is a big demand.,Es una gran demanda.
I am very lucky.,/aɪ æm ˈveri ˈlʌki/,ai am beri lucky.,Tengo mucha suerte.
It is a big lie.,/ɪt ɪz ə bɪg laɪ/,it is a big lai.,Es una gran mentira.
He has a fixed look.,/hiː hæz ə fɪkst lʊk/,ji jas a fikst luk.,Él tiene una mirada fija.
I look at the big cat.,/aɪ lʊk æt ðə bɪɡ kæt/,ai luk at de big cat.,Miro al gato grande.
She has cancer.,/ʃiː hæz ˈkænsə/,shi jas kancer.,Ella tiene cáncer.
She has pride.,/ʃiː hæz praɪd/,shi jas pride.,Ella tiene orgullo.
He has a sickness.,/hiː hæz ə sɪknəs/,ji jas a siknes.,Él tiene una enfermedad.
He has angina.,/hiː hæz ænˈdʒaɪnə/,ji jasz yáina.,Él tiene angina.
She has bronchitis.,/ʃiː hæz brɒŋˈkaɪtɪs/,shi jas brónkaitis.,Ella tiene bronquitis.
He has pneumonia.,/hiː hæz njuːˈməʊniə/,ji jas neumóunia.,Él tiene neumonía.
She has a cataract.,/ʃiː hæz ə kætərækt/,shi jas a cataract.,Ella tiene una catarata.
He has glaucoma.,/hiː hæz ɡlɔːˈkəʊmə/,ji jas glaucóuma.,Él tiene glaucoma.
He has paralysis.,/hiː hæz pəˈræləsɪs/,ji jas parálisis.,Él tiene parálisis.
She has asthma.,/ʃiː hæz æzmə/,shi jas asma.,Ella tiene asma.
He has a burn.,/hi hæz ə bɜːn/,ji jav a burn.,Él tiene una quemadura.
She has a fracture.,/ʃi hæz ə ˈfræktʃə/,shi jav a fracture.,Ella tiene una fractura.
She has a trauma.,/ʃiː hæz ə ˈtraʊmə/,shi jaz a trauma.,Ella tiene un trauma.
She has sunstroke.,/ʃiː hæz ˈsʌnstroʊk/,shi jaz sanstrok.,Ella tiene una insolación.
She has convulsions.,/ʃiː hæz kənˈvʌlʃənz/,shi jaz konvulsions.,Ella tiene convulsiones.
I see a big skyscraper.,/aɪ siː ə bɪg ˈskaɪskreɪpər/,ai si a big skaiskreiper.,Veo un rascacielos grande.
He has a bad injury.,/hiː hæz ə bæd ˈɪndʒəri/,ji jaz a bed inyuri.,Él tiene una lesión grave.
The doctor is here.,/ðə ˈdɒktə ɪz hɪə/,de doctor is jia.,El doctor está aquí.
The patient is here.,/ðə ˈpeɪʃənt ɪz hɪər/,de peishient is jier.,El paciente está aquí.
He has no immunity.,/hiː hæz noʊ ɪˈmjuːnəti/,ji jas no inyuniti.,Él no tiene inmunidad.
The hotel is very big.,/ðə hoʊtɛl ɪz vɛri bɪg/,de jotel is veri big.,El hotel es muy grande.
I see a big sale.,/aɪ siː ə bɪg seɪl/,ai si a big seil.,Veo una gran rebaja.
They have good discounts here.,/ðeɪ hæv gʊd ˈdɪskaʊnts hɪə/,dei jav gud discounts jir.,Aquí tienen buenos descuentos.
They park here.,/ðeɪ pɑːk hɪə/,dei park jir.,Ellos aparcan aquí.
I like the opera.,/aɪ laɪk ðə ˈɒpərə/,ai laik de opera.,Me gusta la ópera.
I like the architecture.,/aɪ laɪk ðə ˈɑːkɪtektʃə/,ai laik de arkitektur.,Me gusta la arquitectura.
The cathedral is big.,/ðə kəˈθiːdrəl ɪz bɪɡ/,de catedral is big.,La catedral es grande.
The taxi is here.,/ðə ˈtæksi ɪz hɪə/,de taksi is jir.,El taxi está aquí.
The circus is here.,/ðə ˈsɜːkəs ɪz hɪə/,de serkus is jir.,El circo está aquí.
It is forbidden here.,/ɪt ɪz fəˈbɪdən hɪə/,it is forbirden jier,Está prohibido aquí.
He has a big debt.,/hiː hæz ə bɪɡ dɛt/,ji jas a big det.,Él tiene una deuda grande.
He has a fortune.,/hiː hæz ə ˈfɔːrtʃən/,ji jas a forchun.,Él tiene una fortuna.
I like this red car.,/aɪ laɪk ðɪs rɛd kɑːr/,ai laik dis red kar.,Me gusta este coche rojo.
The check is here.,/ðə tʃɛk ɪz hɪə/,de check is jier.,El cheque está aquí.
The house is very old.,/ðə haʊs ɪz ˈvɛri oʊld/,de jaus is bery old.,La casa es muy vieja.
It is very economical.,/ɪt ɪz ˈvɛri ˌiːkəˈnɒmɪkəl/,it is beri ikonomical,Es muy económico.
It is a big sum.,/ɪt ɪz ə bɪg sʌm/,it is a big sam.,Es una suma grande.
The entrance is big.,/ðə ˈɛntrəns ɪz bɪg/,de entrance is big.,La entrada es grande.
The house has electricity.,/ðə ˈhaʊs hæz ɪˌlɛkˈtrɪsəti/,de jaus jaz ilektriziti.,La casa tiene electricidad.
The mail is here.,/ðə meɪl ɪz hɪər/,de meil is jiir.,El correo está aquí.
The palace is very big.,/ðə ˈpælɪs ɪz ˈvɛri bɪɡ/,de palaces is beri big.,El palacio es muy grande.
The terrace is very big.,/ðə ˈtɛrəs ɪz ˈvɛri bɪɡ/,de teres is beri big.,La terraza es muy grande.
The moat has water.,/ðə moʊt hæz ˈwɔːtər/,de mout jas uater.,El foso tiene agua.
I like the swing.,/aɪ laɪk ðə swɪŋ/,ai laik de swing.,Me gusta el columpio.
The bookcase is big.,/ðə ˈbʊkkeɪs ɪz bɪg/,de bukceis is big.,La estantería es grande.
The bathroom is here.,/ðə ˈbæθruːm ɪz hɪər/,de badrum is jier.,El baño está aquí.
She has a vegetable garden.,/ʃi hæz ə ˈvɛdʒtəbəl ɡɑːrdən/,shi jas a vedchetabel garden.,Ella tiene un huerto.
The tower is very high.,/ðə ˈtaʊər ɪz ˈvɛri haɪ/,de taue is beri jai.,La torre es muy alta.
The chain is very strong.,/ðə tʃeɪn ɪz ˈvɛri strɒŋ/,de chein is beri estrong.,La cadena es muy fuerte.
The doorbell is very loud.,/ðə ˈdɔːbɛl ɪz ˈvɛri laʊd/,de doorbel is beri laud.,El timbre es muy ruidoso.
I like hot water.,/aɪ laɪk hɒt ˈwɔːtər/,ai laik jot uater.,Me gusta el agua caliente.
I like the video.,/aɪ laɪk ðə ˈvɪdiəʊ/,ai laik de vidio.,Me gusta el vídeo.
The office is big.,/ðə ˈɒfɪs ɪz bɪɡ/,de ofis is big.,El despacho es grande.
We like the furniture.,/wiː laɪk ðə ˈfɜːnɪtʃə/,ui laik de furniture.,Nos gusta el mobiliario.
I like the varnish.,/aɪ laɪk ðə ˈvɑːrnɪʃ/,ai laik de varnish.,Me gusta el barniz.
This pipe is big.,/ðɪs paɪp ɪz bɪɡ/,dis paip is big,Esta tubería es grande.
The rescuer is here.,/ðə ˈrɛskjuːər ɪz hɪə/,de reskyuer is jir.,El rescatador está aquí.
She has a sewing machine.,/ʃiː hæz ə ˈsoʊɪŋ məˈʃiːn/,shi jas a so-ing mashin.,Ella tiene una máquina de coser.
The waiter has a tray.,/ðə ˈweɪtə(r) hæz ə treɪ/,de ueiter has a trei.,El camarero tiene una bandeja.
She has a vacuum cleaner.,/ʃiː hæz ə ˈvækjuːm ˈkliːnə/,shi jas a baciym cleaner.,Ella tiene una aspiradora.
She has good discipline.,/ʃiː hæz gʊd ˈdɪsəplɪn/,shi jas gud disiplin.,Ella tiene buena disciplina.
I see a big truck.,/aɪ siː ə bɪg trʌk/,ai si a big truck.,Veo un camión grande.
The works are here.,/ðə wɜːrks ɑːr hɪr/,de uorks ar jir.,Las obras están aquí.
The quality is very good.,/ðə ˈkwɒlɪti ɪz ˈvɛri gʊd/,de kuoliti is beri gud.,La calidad es muy buena.
The company is big.,/ðə ˈkʌmpəni ɪz bɪg/,de kompáni iz big.,La compañía es grande.
The plant is big.,/ðə plænt ɪz bɪɡ/,de plant is big.,La planta es grande.
I like technology.,/aɪ laɪk tɛkˈnɒlədʒi/,ai laik tecnoloyi.,Me gusta la tecnología.
It is a big company.,/ɪt ɪz ə bɪg ˈkʌmpəni/,it is a big compani.,Es una gran empresa.
He is very organized.,/hiː ɪz ˈvɛri ˈɔːrɡənaɪzd/,ji is beri organaizd.,Él es muy organizado.
It is a big risk.,/ɪt ɪz ə bɪɡ rɪsk/,it is a big risk.,Es un gran riesgo.
This investment is very good.,/ðɪs ɪnˈvɛstmənt ɪz ˈvɛri ɡʊd/,dis investmant is veri gud,Esta inversión es muy buena.
The lot is big.,/ðə lɒt ɪz bɪɡ/,de lot is big.,El lote es grande.
I like the newsletter.,/aɪ laɪk ðə ˈnjuːzˌlɛtə/,ai laik de niuzleter.,Me gusta el boletín.
The poster is big.,/ðə ˈpəʊstə ɪz bɪɡ/,de poster is big.,El póster es grande.
The import is big.,/ðə ˈɪmpɔːt ɪz bɪɡ/,de import is big.,La importación es grande.
The deposit is here.,/ðə dɪˈpɒzɪt ɪz hɪə/,de deposit is jier.,El depósito está aquí.
The import is here.,/ðə ˈɪmpɔːt ɪz hɪə/,de import is jier.,La importación está aquí.
The parties are here.,/ðə ˈpɑːtiz ɑː hɪə/,de partis ar jier.,Las partes están aquí.
The periodical is here.,/ðə ˌpɪəriˈɒdɪkəl ɪz hɪə/,de periodical is jia.,La revista está aquí.
The clerk is here.,/ðə klɑːk ɪz hɪə/,de clerk is jier.,El empleado está aquí.
She has a will.,/ʃiː hæz ə wɪl/,shi jas a uil.,Ella tiene un testamento.
The museum is very big.,/ðə mjuːˈziːəm ɪz ˈvɛri bɪɡ/,de miusium is veri big.,El museo es muy grande.
He has a pass.,/hiː hæz ə pɑːs/,ji jas a pas.,Él tiene un pase.
The show is very good.,/ðə ʃəʊ ɪz vɛri ɡʊd/,de shou is veri gud.,La exhibición es muy buena.
I like the advertising.,/aɪ laɪk ðiː ˈædvərtaɪzɪŋ/,ai laik de adverteising.,Me gusta la publicidad.
I like sports.,/aɪ laɪk spɔːrts/,ai laik sports.,Me gustan los deportes.
I like the design.,/aɪ laɪk ðə dɪˈzaɪn/,ai laik de dizain.,Me gusta el diseño.
I like this tune.,/aɪ laɪk ðɪs tjuːn/,ai laik dis tiun.,Me gusta esta melodía.
I like to travel.,/aɪ laɪk tuː trævəl/,ai laik tu travel.,Me gusta viajar.
This is a big airline.,/ðɪs ɪz ə bɪg ˈeərlaɪn/,dis is a big airlain.,Esta es una aerolínea grande.
The headline is very big.,/ðə ˈhɛdlaɪn ɪz ˈvɛri bɪɡ/,de jedlain is beri big.,El titular es muy grande.
It is very dry here.,/ɪt ɪz ˈvɛri draɪ hɪər/,it is beri drai jir.,Está muy seco aquí.
She has an interview.,/ʃiː hæz æn ˈɪntərvjuː/,shi jaz an interviu.,Ella tiene una entrevista.
I see a big plow.,/aɪ siː ə bɪg plaʊ/,ai si a big plau.,Veo un arado grande.
I see a big plantation.,/aɪ siː ə bɪɡ ˌplænˈteɪʃən/,ai si a big plenteishon.,Veo una plantación grande.
The newspaper has a big circulation.,/ðə ˈnjuːzˌpeɪpə hæz ə bɪɡ ˌsɜːkjʊˈleɪʃən/,de niuzpeiper jaz a big sirkulieishon.,El periódico tiene una gran circulación.
The herdsman has a dog.,/ðə ˈhɜːrdzmən hæz ə dɔːɡ/,de jordsman jas a dog.,El pastor tiene un perro.
The field is big.,/ðə fiːld ɪz bɪɡ/,de field is big.,El campo es grande.
They do research here.,/ðeɪ duː ˈriːsɜːrtʃ hɪər/,dei du risarch jier.,Ellos hacen investigación aquí.
The television is big.,/ðə ˈtɛlɪˌvɪʒən ɪz bɪɡ/,de television is big.,La televisión es grande.
She has a good job.,/ʃiː hæz ə ɡʊd dʒɒb/,shi jaz a gud job.,Ella tiene un buen trabajo.
He has a big range of duties.,/hiː hæz ə bɪɡ reɪndʒ əv ˈduːtiz/,ji jas a big reinch ov diutis.,Él tiene una gran gama de deberes.
The pay is very good.,/ðə peɪ ɪz ˈvɛri ɡʊd/,de pei iz beri gud.,El pago es muy bueno.
The driver is very good.,/ðə ˈdraɪvər ɪz ˈvɛri gʊd/,de draiver is beri gud.,El conductor es muy bueno.
She has a long career.,/ʃiː hæz ə lɔːŋ kəˈrɪr/,shi jaz a long kierir.,Ella tiene una larga carrera.
The distributor has water.,/ðə dɪsˈtrɪbjʊtə hæz ˈwɔːtə/,de distributor jaser uater.,El distribuidor tiene agua.
She has a new position.,/ʃiː hæz ə njuː pəˈzɪʃən/,shi jas a niu posishon.,Ella tiene un nuevo puesto.
The director is here.,/ðə dɪˈrɛktə r daɪˈrɛktə ɪz hɪə/,de dairektor iz jia.,El director está aquí.
She has strong skills.,/ʃiː hæz strɔːŋ skɪlz/,shi jaz strong skils.,Ella tiene habilidades fuertes.
The mailman has a bag.,/ðə ˈmeɪlmæn hæz æ bæg/,de meilman jas a bag.,El cartero tiene una bolsa.
I like soccer.,/aɪ laɪk ˈsɒkər/,ai laik so-ker.,Me gusta el fútbol.
I like hockey.,/aɪ laɪk ˈhɒki/,ai laik jo-ki.,Me gusta el hockey.
I like boxing.,/aɪ laɪk ˈbɒksɪŋ/,ai laik box-sing.,Me gusta el boxeo.
I like swimming.,/aɪ laɪk ˈswɪmɪŋ/,ai laik suimin.,Me gusta nadar.
I like baseball.,/aɪ laɪk ˈbeɪsbɔːl/,ai laik beis-bol.,Me gusta el béisbol.
I like basketball.,/aɪ laɪk ˈbɑːskɪtbɔːl/,ai laik bas-ket-bol.,Me gusta el baloncesto.
I like volleyball.,/aɪ laɪk ˈvɒlibɔːl/,ai laik vo-lei-bol.,Me gusta el voleibol.
I like wrestling.,/aɪ laɪk ˈrɛslɪŋ/,ai laik res-ling.,Me gusta la lucha.
I like car racing.,/aɪ laɪk kɑː ˈreɪsɪŋ/,ai laik car reising.,Me gusta las carreras de coches.
The hippie has long hair.,/ðə ˈhɪpi hæz lɒŋ hɛə/,de hippie jas long jer.,El hippie tiene el pelo largo.
He has a big club.,/hiː hæz ə bɪɡ klʌb/,ji jas a big club.,Él tiene un palo grande.
It is a very big goal.,/ɪt ɪz ə vɛri bɪg gəʊl/,it is a beri big gouol.,Es un gol muy grande.
The stadium is very big.,/ðə steɪdiəm ɪz vɛri bɪg/,de estediam is beri big.,El estadio es muy grande.
The trophy is very big.,/ðə ˈtrəʊfi ɪz vɛri bɪɡ/,de trofi is very big.,El trofeo es muy grande.
The coach is very good.,/ðə kəʊtʃ ɪz ˈvɛri gʊd/,de koch is beri gud.,El entrenador es muy bueno.
He has new skis.,/hiː hæz njuː skiːz/,ji jas niu skis.,Él tiene esquís nuevos.
The ring is big.,/ðə rɪŋ ɪz bɪɡ/,de ring is big.,El cuadrilátero es grande.
I like to ski.,/aɪ laɪk tuː skiː/,ai laik tu ski.,Me gusta esquiar.
I like yoga.,/aɪ laɪk ˈjoʊɡə/,ai laik yoga.,Me gusta el yoga.
She is a big fan.,/ʃiː ɪz ə bɪg fæn/,shi is a big fan.,Ella es una gran fan.
He has a big schoolbag.,/hiː hæz ə bɪg ˈskuːlbæɡ/,ji jav a big skulbag.,Él tiene una mochila grande.
The school is big.,/ðə skuːl ɪz bɪg/,de scul is big.,La escuela es grande.
I like to draw.,/aɪ laɪk tuː drɔː/,ai laik tu dro.,Me gusta dibujar.
We like the start.,/wiː laɪk ðə stɑːt/,ui laik de start.,Nos gusta el inicio.
I like physics.,/aɪ laɪk ˈfɪzɪks/,ai laik fiziks.,Me gusta la física.
I am a big fan.,/aɪ æm ə bɪɡ fæn/,ai am a big fan.,Soy un gran fan.
The stadium is big.,/ðə ˈsteɪdiəm ɪz bɪɡ/,de estedium is big.,El estadio es grande.
My vocabulary is big.,/maɪ vəˈkæbjələri ɪz bɪɡ/,mai vokabiuleri is big.,Mi vocabulario es grande.
The adverb is here.,/ðə ˈædvɜːb ɪz hɪə/,de adverb is jier.,El adverbio está aquí.
The pupil has a bag.,/ðə ˈpjuːpɪl hæz ə bæg/,de piupil jas a bag.,La alumna tiene una bolsa.
He has an accent.,/hiː hæz ən ˈæksənt/,ji jas an aksent.,Él tiene acento.
She has a phrasebook.,/ʃiː hæz ə ˈfreɪzbʊk/,shi jas a freizbuk.,Ella tiene un libro de frases.
He has a wand.,/hiː hæz ə wɒnd/,ji jav a uand.,Él tiene una varita.
This box is big.,/ðɪs bɒks ɪz bɪɡ/,dis boks is big.,Este palco es grande.
I like this movie.,/aɪ laɪk ðɪs ˈmuːvi/,ai laik dis muvi.,Me gusta esta película.
He runs very fast.,/hiː rʌnz ˈvɛri fɑːst/,ji rans very fast.,Él corre muy rápido.
I like language.,/aɪ laɪk ˈlæŋɡwɪdʒ/,ai laik langüich.,Me gusta el idioma.
I like phonetics.,/aɪ laɪk fəˈnɛtɪks/,ai laik fonetics.,Me gusta la fonética.
I like opera.,/aɪ laɪk ˈɒprə/,ai laik opera.,Me gusta la ópera.
I like the dragon.,/aɪ laɪk ðə ˈdræɡən/,ai laik de dragon.,Me gusta el dragón.
The workshop is very big.,/ðə ˈwɜːrkʃɒp ɪz ˈvɛri bɪg/,de uerkshop is beri big.,El taller es muy grande.
She has a violin.,/ʃi hæz ə ˌvaɪəˈlɪn/,shi jaz a violin.,Ella tiene un violín.
This song is very good.,/ðɪs sɒŋ ɪz ˈvɛri ɡʊd/,dis song is beri gud.,Esta canción es muy buena.
The act is very good.,/ðə ækt ɪz vɛri gʊd/,de akt is beri gud.,El acto es muy bueno.
I like this story.,/aɪ laɪk ðɪs ˈstɔːri/,ai laik dis stori.,Me gusta esta historia.
The train is here.,/ðə treɪn ɪz hɪə/,de trein is jier.,El tren está aquí.
I like poetry.,/aɪ laɪk ˈpəʊɪtri/,ai laik pouetri.,Me gusta la poesía.
I like the sculpture.,/aɪ laɪk ðə ˈskʌlptʃə/,ai laik de skulptcher.,Me gusta la escultura.
We like adventures.,/wiː laɪk ədˈvɛntʃəz/,ui laik aventchurs.,Nos gustan las aventuras.
I like the exotic.,/aɪ laɪk ðə ɪɡˈzɒtɪk/,ai laik de ezotik.,Me gusta lo exótico.
This room is very big.,/ðɪs ruːm ɪz ˈvɛri bɪɡ/,dis rum is veri big.,Esta habitación es muy grande.
I like to read.,/aɪ laɪk tuː riːd/,ai laik tu riid.,Me gusta leer.
The translation is very good.,/ðə trænsˈleɪʃən ɪz ˈvɛri gʊd/,de transleishon is beri gud.,La traducción es muy buena.
The plot is very good.,/ðə plɒt ɪz ˈvɛri gʊd/,de plot is beri gud.,La trama es muy buena.
I like hearts.,/aɪ laɪk hɑːts/,ai laik jarts.,Me gustan los corazones.
I like the safari.,/aɪ laɪk ðə səˈfɑːri/,ai laik de safari.,Me gusta el safari.
The catch is big.,/ðə kæʃ ɪz bɪg/,de cash is big.,La captura es grande.
I like blackjack.,/aɪ laɪk ˈblækdʒæk/,ai laik blackdyeak.,Me gusta el blackjack.
This is a big rifle.,/ðɪs ɪz ə bɪg ˈraɪfəl/,dis is a big raifol.,Este es un rifle grande.
The motel is big.,/ðə məʊˈtɛl ɪz bɪɡ/,de motel is big.,El motel es grande.
The wave is very big.,/ðə weɪv ɪz ˈvɛri bɪɡ/,de weiv is beri big.,La ola es muy grande.
This website is very big.,/ðɪs ˈwɛbsaɪt ɪz ˈvɛri bɪɡ/,dis websait is veri big.,Este sitio web es muy grande.
She has a suntan.,/ʃi hæz ə ˈsʌntæn/,shi jas a sultan,Ella tiene bronceado.
I like the sharpness.,/aɪ laɪk ðə ˈʃɑːrpnəs/,ai laik de sharpnes,Me gusta la nitidez.
The pool is big.,/ðə puːl ɪz bɪg/,de pul is big.,La piscina es grande.
It is a big adventure.,/ɪt ɪz ə bɪg ədˈvɛntʃər/,it is a big aventcher.,Es una gran aventura.
The tent is big.,/ðə tɛnt ɪz bɪɡ/,de tent is big.,La tienda es grande.
This computer has good memory.,/ðɪs kəmˈpjuːtər hæz ɡʊd ˈmɛməri/,dis comiuter jaz gud memori.,Esta computadora tiene buena memoria.
The data is here.,/ðə ˈdeɪtə ɪz hɪər/,de deita is jier.,Los datos están aquí.
I like water ski.,/aɪ laɪk ˈwɔːtə skiː/,ai laik uater ski.,Me gusta el esquí acuático.
It is very fast.,/ɪt ɪz ˈvɛri fɑːst/,it is veri fast.,Es muy rápido.
He has an ax.,/hiː hæz æn æks/,ji jav an ax.,Él tiene un hacha.
He has a crowbar.,/hiː hæz ə ˈkrəʊbɑː/,ji jas a cróubar.,Él tiene una palanca.
It is very rusty.,/ɪt ɪz ˈvɛri ˈrʌsti/,it is veri rasti.,Está muy oxidado.
The airline is big.,/ðə ˈeəlaɪn ɪz bɪɡ/,de airline is big.,La aerolínea es grande.
The wire is here.,/ðə ˈwaɪər ɪz hɪə/,de uáir is jier.,El cable está aquí.
The captain is here.,/ðə ˈkæptɪn ɪz hɪə/,de captain is jier.,El capitán está aquí.
The engineer is here.,/ðə ˌɛndʒɪˈnɪə ɪz hɪə/,de endyin-ir is jier,El maquinista está aquí.
This cable is very long.,/ðɪs ˈkeɪbəl ɪz ˈvɛri lɒŋ/,dis cable is veri long.,Este cable es muy largo.
The flight is very long.,/ðə flaɪt ɪz ˈvɛri lɒŋ/,de flait is beri long,El vuelo es muy largo.
The wardroom is very big.,/ðə ˈwɔːdruːm ɪz ˈvɛri bɪg/,de wardrum is veri big.,El camarote de oficiales es muy grande.
He has a motorcycle.,/hi hæz ə ˈmoʊtərsaɪkəl/,ji jas a motorsaicol.,Tiene una motocicletas.
I see a big ship.,/aɪ siː ə bɪɡ ʃɪp/,ai si a big ship.,Veo un barco grande.
We see the shallows here.,/wiː siː ðə ʃæləʊz hɪə/,ui si de shalows jier.,Vemos los bajos aquí.
I have my luggage here.,/aɪ hæv maɪ ˈlʌɡɪdʒ hɪə/,ai jav mai laguej jia.,Tengo mi equipaje aquí.
The airplane is very fast.,/ðiː ˈɛəpleɪn ɪz ˈvɛri fɑːst/,de air-plane is beri fast.,El avión es muy rápido.
I like the fast sports car.,/aɪ laɪk ðə fæst spɔːrts kɑːr/,ai laik de fast sports car.,Me gusta el coche deportivo rápido.
The ambulance is here.,/ðə ˈæmbjələns ɪz hɪr/,de ambulans is jir.,La ambulancia está aquí.
The landing was very good.,/ðə ˈlændɪŋ wɒz ˈvɛri gʊd/,de landing uoz beri gud.,El aterrizaje fue muy bueno.
The limousine is very long.,/ðə ˈlɪməziːn ɪz ˈvɛri lɔːŋ/,de limuzin is beri long.,La limusina es muy larga.
The ditch has water.,/ðə dɪʧ hæz ˈwɔːtər/,de dich jas woter.,La zanja tiene agua.
The square is big.,/ðə skwɛər ɪz bɪɡ/,de skuer is big.,La plaza es grande.
It has high horsepower.,/ɪt hæz haɪ ˈhɔːrsaʊər/,it has jai jorsaues.,Tiene mucha potencia.
The car has high speed.,/ðə kɑːr hæz haɪ spiːd/,de car jas jai espid.,El coche tiene alta velocidad.
The lamppost has a light.,/ðə ˈlæmpoʊst hæz aɪ laɪt/,de lampost jas a lait.,El poste de luz tiene una luz.
He has a scratch on his hand.,/hiː hæz ə skrætʃ ɒn hɪz hænd/,ji jas a scrach on is jand.,Tiene un rasguño en la mano.
The tire has a puncture.,/ðə ˈtaɪər hæz ə ˈpʌŋkʧər/,de taiar jaz a puncher,El neumático tiene un pinchazo.
The toprope is very strong.,/ðə ˈtəʊrəʊp ɪz ˈvɛri strɒŋ/,de toproip uer veri strong,La cuerda de remolque es muy fuerte.
This seat is very soft.,/ðɪs siːt ɪz ˈvɛri sɒft/,dis sit is beri soft.,Este asiento es muy suave.
The headlight is very bright.,/ðə ˈhɛdlaɪt ɪz ˈvɛri braɪt/,de jedlait is very brait.,El faro delantero es muy brillante.
The army is very big.,/ðə ˈɑːmi ɪz ˈvɛri bɪg/,de ar-mi is beri big.,El ejército es muy grande.
He has a cross.,/hiː hæz ə krɒs/,ji jas a cros.,Él tiene una cruz.
The event was very big.,/ðɪ ɪvɛnt wɒz vɛri bɪg/,de event was veri big.,El evento fue muy grande.
I like the fireworks.,/aɪ laɪk ðə faɪəwɜːks/,ai laik de fueiruorks.,Me gustan los fuegos artificiales.
The wreath is big.,/ðə riːθ ɪz bɪɡ/,de riz is big.,La corona es grande.
The dead are here.,/ðə dɛd ɑːr hɪər/,de ded ar jir.,Los muertos están aquí.
The general is here.,/ðə ˈdʒɛnərəl ɪz hɪə/,de yener-al is jier.,El general está aquí.
The patrol is here.,/ðə pəˈtroʊl ɪz hɪər/,de patrol is jir.,La patrulla está aquí.
We eat a big feast.,/wiː iːt ə bɪg fiːst/,wi iit a big fiist.,Comemos un gran festín.
The jubilee is here.,/ðə dʒuːbɪliː ɪz hɪə/,de yubili is jia.,El jubileo está aquí.
She has a big wound.,/ʃiː hæz ə bɪɡ wuːnd/,shi jas a big juind.,Ella tiene una herida grande.
The mammoth is very big.,/ðə ˈmæməθ ɪz ˈvɛri bɪɡ/,de mamoz iz veri big.,El mamut es muy grande.
He has a tool.,/hiː hæz ə tuːl/,ji jas a tul.,Él tiene una herramienta.
She has a decoration.,/ʃiː hæz ə dɛkəˈreɪʃən/,shi jas a dekoréishon.,Ella tiene una condecoración.
She has a pistol.,/ʃiː hæz ə ˈpɪstəl/,shi jas a pistól.,Ella tiene una pistola.
He has a musket.,/hiː hæz ə ˈmʌskɪt/,i jas a musket.,Él tiene un mosquete.
The tank has a big gun.,/ðə tæŋk hæz ə bɪg gʌn/,de tanck jas a big gan.,El tanque tiene un arma grande.
The gun has a big caliber.,/ðə gʌn hæz ə bɪg kælɪbə/,de gan jas a big caliber.,El arma tiene un gran calibre.
This is a big bomb.,/ðɪs ɪz ə bɪg bɒm/,dis is a big bom.,Esta es una bomba grande.
The tribe is big.,/ðə traɪb ɪz bɪɡ/,de tribe is big.,La tribu es grande.
The princess has a dog.,/ðə prɪnˈsɛs hæz ə dɒɡ/,de prinses jas a dog.,La princesa tiene un perro.
We like the highway.,/wiː laɪk ðə ˈhaɪweɪ/,ui laik de jaiuei.,Nos gusta la carretera.
This is a big discovery.,/ðɪs ɪz ə bɪg dɪsˈkʌvəri/,dis is a big discavari.,Este es un gran descubrimiento.
The people are here.,/ðə ˈpiːpl ɑː hɪə/,de pipol ar jir.,La gente está aquí.
The interstate is big.,/ðə ˈɪntərsteɪt ɪz bɪɡ/,de intersteit is big.,La interestatal es grande.
The senator is here.,/ðə ˈsɛnətər ɪz hɪə/,de senator is jier.,El senador está aquí.
The Romans are here.,/ðə ˈrəʊmənz ɑː hɪə/,de romans ar jir.,Los romanos están aquí.
That torture is very bad.,/ðæt ˈtɔːrtʃər ɪz ˈvɛri bæd/,dat torturer is jeri bad.,Esa tortura es muy mala.
The king is very old.,/ðə kɪŋ ɪz ˈvɛri əʊld/,de king is beri old.,El rey es muy viejo.
I like old treasures.,/aɪ laɪk əʊld ˈtrɛʒəz/,ai laik old treshers.,Me gustan los tesoros antiguos.
He has a big weapon.,/hiː hæz ə bɪɡ ˈwɛpən/,ji jas a big uepon.,Él tiene un arma grande.
She has a suspicion.,/ʃi hæz ə səˈspɪʃən/,shi jas a saspision.,Ella tiene una sospecha.
I see the proof here.,/aɪ siː ðə pruːf hɪə/,ai si de pruf jia.,Veo la prueba aquí.
His alibi is very good.,/hɪz ˈælɪbaɪ ɪz ˈvɛri ɡʊd/,is alibai is beri gud.,Su coartada es muy buena.
The station is big.,/ðə ˈsteɪʃən ɪz bɪɡ/,de steishon is big.,La estación es grande.
I like the cosmos.,/aɪ laɪk ðə ˈkɒzmɒs/,ai laik de cosmos.,Me gusta el cosmos.
It is a big case.,/ɪt ɪz ə bɪg keɪs/,it iz a big keis.,Es un caso grande.
He is very suspicious.,/hi ɪz ˈvɛri səˈspɪʃəs/,ji iz veri saspisios.,Él es muy sospechoso.
This is a big injustice.,/ðɪs ɪz ə bɪɡ ɪnˈdʒʌstɪs/,dis is a big inyustis.,Esto es una gran injusticia.
The universe is big.,/ðə ˈjuːnɪvɜːrs ɪz bɪg/,de yuniverz is big.,El universo es grande.
The ocean is very big.,/ðə ˈoʊʃən ɪz ˈvɛri bɪg/,de oshan is beri big.,El océano es muy grande.
The volcano is very big.,/ðə vɒlˈkeɪnoʊ ɪz ˈvɛri bɪg/,de volkeino is veri big.,El volcán es muy grande.
The continent is very big.,/ðə ˈkɒntɪnənt ɪz ˈvɛri bɪɡ/,de kontinent is beri big.,El continente es muy grande.
I see a big comet.,/aɪ siː ə bɪg ˈkɒmɪt/,ai si a big comet.,Veo un cometa grande.
We see the big canyon.,/wiː siː ðə bɪg ˈkænjən/,ui si de big canion.,Vemos el gran cañón.
I like the sun.,/aɪ laɪk ðə sʌn/,ai laik de san.,Me gusta el sol.
He has a long pole.,/hiː hæz ə lɒŋ pəʊl/,ji jas a long pol,Él tiene un poste largo.
I like to dive.,/aɪ laɪk tuː daɪv/,ai laik tu daiv,Me gusta bucear.
The wave is big.,/ðə weɪv ɪz bɪɡ/,de ueiv is big.,La ola es grande.
The storm is big.,/ðə stɔːm ɪz bɪɡ/,de storm iz big,La tormenta es grande.
It is very humid here.,/ɪt ɪz ˈvɛri ˈhjuːmɪd hɪər/,it is veri jiumid jier.,Hace mucho humedad aquí.
I see a crystal here.,/aɪ siː ə ˈkrɪstəl hɪər/,ai si a crystal jier.,Veo un cristol aquí.
The Okavango has water.,/ðə ˌəʊkəˈvæŋɡəʊ hæz ˈwɔːtə/,de okavango jaser woter.,El Okavango tiene agua.
The sun is big.,/ðə sʌn ɪz bɪg/,de san iz big.,El sol es grande.
I like Kilimanjaro.,/aɪ laɪk ˌkɪlɪmənˈdʒɑːrəʊ/,ai laiF kilimanYaro.,Me gusta el Kilimanjaro.
The Pyrenees are big.,/ðə ˈpɪrəniːz ɑː bɪg/,de pireneis ar big.,Los Pirineos son grandes.
The tanker is big.,/ðə ˈtæŋkər ɪz bɪɡ/,de tanker is big.,El petrolero es grande.
The current is very fast.,/ðə ˈkʌrənt ɪz ˈvɛri fæst/,de kurrent is very fast.,La corriente es muy rápida.
The trap is here.,/ðə træp ɪz hɪər/,de trap is jier.,La trampa está aquí.
The heat is very bad.,/ðə hiːt ɪz ˈvɛri bæd/,de jit iz beri bad.,El calor es muy malo.
The flood is very big.,/ðə flʌd ɪz ˈvɛri bɪɡ/,de flad is veri big.,La inundación es muy grande.
The moose is very big.,/ðə muːs ɪz ˈvɛri bɪg/,de mus is beri big.,El alce es muy grande.
He has a bad cold.,/hiː hæz ə bæd kəʊld/,ji jas a bad cold.,Él tiene un fuerte resfriado.
I see a big tornado.,/aɪ siː ə bɪɡ tɔːˈneɪdəʊ/,ai si a big torneido.,Veo un gran tornado.
The walrus has big teeth.,/ðə ˈwɔːlrəs hæz bɪg tiːθ/,de ualrus jas big tid.,La morsa tiene dientes grandes.
The lynx has big ears.,/ðə lɪŋks hæz bɪg ɪəz/,de lincs jas big irs.,El lince tiene orejas grandes.
The fire is big.,/ðə ˈfaɪər ɪz bɪɡ/,de faier is big.,El incendio es grande.
We have a big thunderstorm.,/wiː hæv ə bɪɡ ˈθʌndəstɔːm/,ui jav a big zunderstorm.,Tenemos una gran tormenta.
I like winter.,/aɪ laɪk wɪntə/,ai laik uinter.,Me gusta el invierno.
I like this animal.,/aɪ laɪk ðɪs ˈænɪməl/,ai laik dis animal.,Me gusta este animal.
She has a rottweiler.,/ʃi hæz ə ˈrɑtˌwaɪlər/,shi jas e rotvailer.,Ella tiene un rottweiler.
I see a big bream.,/aɪ siː ə bɪɡ briːm/,ai si a big brim.,Veo una brema grande.
The elephant has big ears.,/ðə ˈɛlɪfənt hæz bɪg ɪəz/,de elefant has big irs.,El elefante tiene orejas grandes.
The albatross has big wings.,/ðə ˈælbətrɒs hæz bɪɡ wɪŋz/,de albatros jas big uings.,El albatros tiene alas grandes.
The pelican has a big beak.,/ðə ˈpɛlɪkən hæz ə bɪɡ biːk/,de pelican jas a big bik.,El pelícano tiene un pico grande.
I like the lamb.,/aɪ laɪk ðə læm/,ai laik de lam.,Me gusta el cordero.
I like my dachshund.,/aɪ laɪk maɪ ˈdæksˌhʊnd/,ai laik mai dajshund.,Me gusta mi perro salchicha.
I like the hawk.,/aɪ laɪk ðə hɔːk/,ai laik de jok.,Me gusta el gavilán.
The bull is big.,/ðə bʊl ɪz bɪɡ/,de bul is big.,El toro es grande.
That mastiff is big.,/ðæt ˈmæstɪf ɪz bɪg/,dat mastif is big.,Ese mastín es grande.
The lake is very big.,/ðə leɪk ɪz ˈvɛri bɪɡ/,de leik is beri big.,El lago es muy grande.
The whale is very big.,/ðə weɪl ɪz ˈvɛri bɪɡ/,de ueil is very big.,La ballena es muy grande.
She has a boa.,/ʃiː hæz ə ˈbəʊə/,shi jas a boa.,Ella tiene una boa.
I see a big mountain.,/aɪ siː ə bɪɡ ˈmaʊntən/,ai si a big maunten.,Veo una gran montaña.
The bird has a big beak.,/ðə bɜːd hæz ə bɪg biːk/,de berd jas a big bik.,El pájaro tiene un pico grande.
I see a big shark.,/aɪ siː ə bɪɡ ʃɑːrk/,ai si a big shark.,Veo un tiburón grande.
I like the ocean.,/aɪ laɪk ðə ˈoʊʃən/,ai laik de oshan.,Me gusta el océano.
The dog has a pedigree.,/ðə dɔːɡ hæz ə ˈpɛdəɡriː/,de dog jas a pedrigri.,El perro tiene un pedigrí.
I like shrimp.,/aɪ laɪk ʃrɪmp/,ai laik shrimp.,Me gusta el camarón.
This is a big lobster.,/ðɪs ɪz ə bɪg ˈlɒbstə/,dis is a big lobster.,Esta es una langosta grande.
He has a saddle.,/hiː hæz ə ˈsædəl/,ji jas a sadel.,Él tiene una silla de montar.
She has a whip.,/ʃiː hæz ə wɪp/,shi jas a guip.,Ella tiene un látigo.
I like the horse.,/aɪ laɪk ðə hɔːrs/,ai laik de jors.,Me gusta el caballo.
I like fruit.,/aɪ laɪk fruːt/,ai laik frut.,Me gusta la fruta.
I like the peach.,/aɪ laɪk ðə piːtʃ/,ai laik de pich.,Me gusta el durazno.
I like the bilberry.,/aɪ laɪk ðə ˈbɪlbəri/,ai laik de bilberi.,Me gusta el arándano.
I like the sequoia.,/aɪ laɪk ðə sɪˈkɔɪə/,ai laik de sikoya.,Me gusta la secoya.
I like the jasmine.,/aɪ laɪk ðə ˈdʒæzmɪn/,ai laik de yasmin.,Me gusta el jazmín.
I like the cep.,/aɪ laɪk ðə sɛp/,ai laik de sep.,Me gusta el cep.
I like this chanterelle.,/aɪ laɪk ðɪs ˌʃæntəˈrɛl/,ai laik dis shanterel.,Me gusta esta cantarela.
We like beans.,/wiː laɪk biːnz/,wi laik bins.,Nos gustan las judías.
I like rice.,/aɪ laɪk raɪs/,ai laik rais.,Me gusta el arroz.
I like eggplant.,/aɪ laɪk ˈɛɡplɑːnt/,ai laik egplant.,Me gusta la berenjena.
I like dill.,/aɪ laɪk dɪl/,ai laik dil.,Me gusta el eneldo.
I like Belgium.,/aɪ laɪk ˈbɛldʒəm/,ai laik Belgium.,Me gusta Bélgica.
It is a big cabbage.,/ɪt ɪz ə bɪɡ ˈkæbɪdʒ/,it is a big cabidy.,Es una col grande.
I like to eat asparagus.,/aɪ laɪk tuː iːt əˈspærəgəs/,ai laik tu it asparagos.,Me gusta comer espárragos.
I like Greek food.,/aɪ laɪk griːk fuːd/,ai laik grik fud.,Me gusta la comida griega.
I like Portuguese food.,/aɪ laɪk ˌpɔːtʃʊˈɡiːz fuːd/,ai laik portuchis fud.,Me gusta la comida portuguesa.
I like Albanian food.,/aɪ laɪk ælˈbeɪniən fuːd/,ai laik albanian food.,Me gusta la comida albanesa.
I like China.,/aɪ laɪk ˈtʃaɪnə/,ai laik chaina.,Me gusta China.
I like Georgia.,/aɪ laɪk ˈdʒɔːrdʒə/,ai laik yorshia.,Me gusta Georgia.
I like Uzbekistan.,/aɪ laɪk ˌʊzbɛkɪˈstɑːn/,ai laik usbekistan.,Me gusta Uzbekistán.
We like Jamaica.,/wiː laɪk dʒəˈmeɪkə/,ui laik yameika.,Nos gusta Jamaica.
I like Ghana.,/aɪ laɪk ˈɡɑːnə/,ai laik gana.,Me gusta Ghana.
I like Bangkok.,/aɪ laɪk bæŋˈkɒk/,ai laik bangkok.,Me gusta Bangkok.
I like Lebanese food.,/aɪ laɪk ˌlɛbəˈniːz fuːd/,ai laik lebanes fud.,Me gusta la comida libanesa.
I like Japanese food.,/aɪ laɪk dʒæpəˈniːz fuːd/,ai laik yapaniis fud.,Me gusta la comida japonesa.
I like Mexican food.,/aɪ laɪk ˈmɛksɪkən fuːd/,ai laik meksikan fud.,Me gusta la comida mexicana.
I see Turkmenistan.,/aɪ siː ˌtɜːrkˌmɛnɪˈstɑːn/,ai si turkmenistan.,Veo Turkmenistán.
He has citizenship.,/hiː hæz ˈsɪtɪzənʃɪp/,ji jas sitisenship.,Él tiene ciudadanía.
I like Havana.,/aɪ laɪk həˈvænə/,ai laik jabana.,Me gusta La Habana.
I like Lisbon.,/aɪ laɪk ˈlɪzbən/,ai laik lisbon.,Me gusta Lisboa.
I like Munich.,/aɪ laɪk ˈmjuːnɪk/,ai laik miunik.,Me gusta Múnich.
I like Toronto.,/aɪ laɪk təˈrɒntoʊ/,ai laik toronto.,Me gusta Toronto.
I like politics.,/aɪ laɪk ˈpɒlɪtɪks/,ai laik polutiks.,Me gusta la política.
He is very liberal.,/hiː ɪz ˈvɛri ˈlɪbərəl/,ji is very liberal.,Él es muy liberal.
She is very powerful.,/ʃi ɪz ˈvɛri ˈpaʊərfəl/,shi is beri pauerful.,Ella es muy poderosa.
It is a big crisis.,/ɪt ɪz ə bɪg ˈkraɪsɪs/,it is a big kraisis.,Es una gran crisis.
The world is big.,/ðə wɜːld ɪz bɪɡ/,de uerld is big.,El mundo es grande.
He has a soul.,/hiː hæz ə səʊl/,ji jas a soul.,Él tiene un alma.
The good is important here.,/ðə ɡʊd ɪz ɪmˈpɔːtənt hɪə/,de gud is important jier.,El bien es importante aquí.
I like to confess.,/aɪ laɪk tuː kənˈfɛs/,ai laik tu confes.,Me gusta confesar.
They like Hinduism.,/ðeɪ laɪk ˈhɪnduːɪzəm/,dei laik hinduism.,A ellos les gusta el hinduismo.
The mosque is big.,/ðə mɒsk ɪz bɪɡ/,de mosk is big.,La mezquita es grande.
The sacrifice is big.,/ðə ˈsækrɪfaɪs ɪz bɪɡ/,de sakrafais is big.,El sacrificio es grande.
He has a high degree.,/hiː hæz ə haɪ dɪˈɡriː/,ji jas a jai digri.,Él tiene un alto grado.
The witch has a cat.,/ðə wɪtʃ hæz ə kæt/,de guich jas a kat.,La bruja tiene un gato.
The abbot is here.,/ði ˈæbət ɪz hɪə/,de abot is jiir,El abad está aquí.
The synagogue is here.,/ðə ˈsɪnəɡɒɡ ɪz hɪə/,de synagogue is jier.,La sinagoga está aquí.
It is big.,/ɪt ɪz bɪg/,it is big.,Es grande.
You are very nice.,/juː ɑːr ˈvɛri naɪs/,yu ar beri nais.,Eres muy amable.
This is a big problem.,/ðɪs ɪz ə bɪɡ ˈprɒbləm/,dis is a big problam.,Este es un gran problema.
It is very easy.,/ɪt ɪz ˈvɛri ˈiːzi/,it is veri isi.,Es muy fácil.
I like your style.,/aɪ laɪk jɔː staɪl/,ai laik yor stail.,Me gusta tu estilo.
I like this type.,/aɪ laɪk ðɪs taɪp/,ai laik dis taip.,Me gusta este tipo.
It is very ancient.,/ɪt ɪz ˈvɛri ˈeɪnʃənt/,it is veri eishent.,Es muy antiguo.
It is very urgent.,/ɪt ɪz ˈvɛri ˈɜːrdʒənt/,it is veri urdyent.,Es muy urgente.
He is very careless.,/hiː ɪz ˈvɛri ˈkɛəlɪs/,ji is veri kerlis.,Él es muy descuidado.
It is very convenient.,/ɪt ɪz ˈvɛri kənˈviːniənt/,it is veri convenient.,Es muy conveniente.
He is very strong.,/hiː ɪz ˈvɛri strɒŋ/,ji is veri strong.,Él es muy fuerte.
He is very young.,/hiː ɪz ˈvɛri jʌŋ/,ji is veri yang.,Él es muy joven.
I am very tired.,/aɪ æm ˈvɛri ˈtaɪəd/,ai am veri taierd.,Estoy muy cansado.
She is very tender.,/ʃiː ɪz ˈvɛri ˈtɛndə/,shi is veri tander.,Ella es muy tierna.
They look very similar.,/ðeɪ lʊk ˈvɛri ˈsɪmɪlə/,dei luks veri similar.,Se ven muy similares.
She has a tan face.,/ʃiː hæz ə tæn feɪs/,shi jas a tan feis.,Ella tiene la cara bronceada.
The room is very quiet.,/ðə ruːm ɪz ˈvɛri kwaɪət/,de rum is veri kuaiet.,La habitación es muy tranquila.
We approach the big house.,/wiː əˈprəʊtʃ ðə bɪɡ haʊs/,ui aprouch de big jaus.,Nos acercamos a la casa grande.
I like the present time.,/aɪ laɪk ðə ˈprɛzənt taɪm/,ai laik de present taim.,Me gusta el tiempo presente.
He is a very polite boy.,/hiː ɪz ə ˈvɛri pəˈlaɪt bɔɪ/,ji is a veri polite boy.,Él es un niño muy educado.
I like tea.,/aɪ laɪk tiː/,ai laik ti.,Me gusta el té.
He has lunch at noon.,/hiː hæz lʌntʃ æt nuːn/,ji jas lanch at nun.,Él almuerza al mediodía.
We go by car.,/wiː ɡəʊ baɪ kɑːr/,ui gou bai car.,Nosotros vamos en coche.
I imagine a big house.,/aɪ ɪˈmædʒɪn ə bɪg haʊs/,ai imachin a big jaus.,Imagino una casa grande.
We go for a swim.,/wiː ɡəʊ fɔːr ə swɪm/,ui gou for a swim.,Vamos a nadar.
I have a try at it.,/aɪ hæv ə traɪ æt ɪt/,ai jav a trai at it.,Lo intento.
I have a new bike.,/aɪ hæv ə nuː baɪk/,ai jav a nu bike.,Tengo una bicicleta nueva.
They go on foot.,/ðeɪ ɡəʊ ɒn fʊt/,dei gou on fut.,Ellos van a pie.
They import cars here.,/ðeɪ ɪmˈpɔːrt kɑːrz hɪər/,dei import cars jir.,Ellos importan coches aquí.
I guarantee it is good.,/aɪ ˌɡærənˈtiː ɪt ɪz ɡʊd/,ai garanti it is gud.,Garantizo que es bueno.
You look like your mom.,/juː lʊk laɪk jɔːr mɒm/,yu luk laik yor mom.,Te pareces a tu mamá.
The flower smells very good.,/ðə ˈflaʊər smels ˈvɛri gʊd/,de flaouer smels veri gud.,La flor huele muy bien.
You can sign the paper here.,/juː kæn saɪn ðə ˈpeɪpə hɪə/,yu can sain de peiper jia.,Puedes firmar el papel aquí.
I can smash the big bug.,/aɪ kæn smæʃ ðə bɪg bʌg/,ai can smach de big bag.,Puedo aplastar el insecto grande.
I permit you to go now.,/aɪ pəˈmɪt juː tuː ɡəʊ naʊ/,ai permit yu tu gou nau.,Te permito ir ahora.
The boat can surface here.,/ðə bəʊt kæn ˈsɜːrfɪs hɪə/,de boat kan serfis jir.,El barco puede salir a la superficie aquí.
He runs fast.,/hiː rʌnz fæst/,ji rans fast.,Él corre rápido.
I look at the dog.,/aɪ lʊk æt ðə dɒɡ/,ai luk at de dog.,Miro al perro.
I make use of it.,/aɪ meɪk juːs ɒv ɪt/,ai meik yus ov it.,Hago uso de ello.
The big tree towers over the house.,/ðə bɪg triː ˈtaʊəz ˈəʊvə ðə haʊs/,de big tri tauers ov de jaus.,El árbol grande se eleva sobre la casa.
